Company Name,Address,Contact Number
"Tariq Glass Head Office","128, Block J Model Town, Lahore, Punjab","(042) 111 343 434"
"Milvik Mobile Pakistan","Office# 3 F1, New Liberty Towers, Model Town Link Rd, Bhatti Colony, Lahore, Punjab 54600","(042) 35856064"
"SABROSO Head Office","17-F, Block F Model Town, Lahore, Punjab","(0423) 594 890 110"
"Pharma Health Corporate Office 57 D","Block D Model Town, Lahore, Punjab","(042) 35856064"
"FLOWLINE INSTRUMENTS","R Block Model Town, Office No. 54, Bank Square Market, C-Block Model Town, (54700), Model Town, Lahore, Punjab","(042) 35915514"
"AEPL 91-C Model Town","Block C Model Town, Lahore, Punjab","(042) 111 001 954"
"SKIF Enterprises Private Limited","Model Town Link Rd, G. E. C. H. S Phase 3 Muhammadpura, Lahore, Punjab 54600","(042) 35925742"
"EDB - Engineering Design Bureau","Block M Model Town, Lahore, Punjab","(042) 35169798"
"ATG Plant Automation, HO","Block D Model Town, Lahore, Punjab","(042) 35881475"
"Teknica Group of Companies","43 A, Main Boulevard, Faisal Town, Block A Faisal Town, Lahore","N.A"
"Xien office National Transmission and Dispatch Company","Plot 3 c, Block C Model Town, Lahore, Punjab","N.A"
"Dynamic Green Private Limited","Block C Model Town, Lahore, Punjab","(042) 35915444"
"Uni Hosiery Co., Inc. Pakistan Office","Sadiq Arcade, Model Town Link Rd, Muhammadpura, Lahore, Punjab 54600","0333 4428528"
"Future Point Technologies","D, 66 R Block, Block D Model Town, Lahore, Punjab","N.A"
"TourGuide-Travel Company","Zainab Tower, FF-28, MB Floor, Model Town Link Rd, Phase 3 GECH Society, Lahore, Punjab 54600","0307 2125956"
"Office Sabir Groups","F, 26 Model Town Link Road, Block F Model Town, Lahore, Punjab","N.A"
"Uber Greenlight Hub Lahore","21-K, Commercial, Model Town, Block K Model Town, Lahore, Punjab 54000","0313 4509845"
"ASIAN BUILDING SYSTEMS","148, Block F Model Town, Lahore, Punjab 54700","0322 2727273"
"Pakistan Card Clothing Co. (Pvt.) Ltd.","Flat No. 02, Floor, 34-I, 1, Block J Model Town, Lahore, Punjab","(042) 359 420 056"
"Solar Dynamics Technologies Co, Pakistan","214-E L block Model Town Extension, Model Town, Block L Model Town, Lahore, Punjab","0333 3120595"
"Solvurs","71-D Model Town Circular Road, Block D Model Town, Lahore, Punjab","0315 4146122"
"Nestle Regional Sales Office","Unnamed Rd, Block K Model Town, Lahore, Punjab","0300 6996074"
"Eurotech Pvt. Ltd.","Block M Model Town, Lahore, Punjab","0300 0442830"
"ADSII Lahore","203, Block L Model Town, Lahore, Punjab","0311 1444037"
"Alchemative Executive Office","161, Block D Model Town, Lahore, Punjab 54700","0300 0343377"
"Texlynx","7-P, Model Town Ext., Near Nespak House, Block P Model Town, Lahore, Punjab","(042) 35203020"
"PlanX Business Accelerator","Block R Model Town, Lahore, Punjab","N.A"
"Coding Pixel","Block K Model Town, Lahore, Punjab","N.A"
"Zor Engineers (Pvt.) Ltd.","30 Q, Block Q Model Town, Lahore, Punjab 54600","N.A"
"Smartlink Technologies","91, 2, Block A Model Town, Lahore, Punjab","N.A"
"Rizwan Mirza Consulting Engineers","83, Block M Model Town, Lahore, Punjab","(042) 35168659"
"Ghani Global Group","10-N, Model Town Extension, Block N Model Town, Lahore, Punjab","(042) 34161424"
"Gomanzay Gate Automation","18-M, International Market, Model Town, Lahore, Block M Commercial Area Model Town, Lahore, Punjab 54700","0347 6667776"
"Gear Tech (We Build Automation)","Office# S2 2nd Floor Moon Tower 30-M Block international Market Model Town Extension, Lahore, Punjab","(042) 35219086"
"SLT Saving Life Technologies","Block D Model Town, Lahore, Punjab","(042) 35441926"
"Possibilities House Pvt Ltd","103, Block H Block H 1 Block H Model Town, Lahore, Punjab 54600","(042) 35917233"
"DataMagnetics Technologies","441-Q, Iqra St, Model Town, Block Q Model Town, Lahore, Punjab","0317 4298370"
"Point of Solution (Pvt) Ltd.","Block K, Model Town, Block K Model Town, Lahore, Punjab 54000","(042) 35916889"
"Skay Pharmaceuticals","Zainab Tower, 85-Ground Floor, Model Town Link Rd, Block P Model Town, Lahore, Punjab 54600","N.A"
"Ovex Technologies Pakistan (Pvt.) Ltd.","2nd Floor 37-Civic Center, Block M, Model Town Extension.. Block M Model Town, Lahore, Punjab 5","(042) 111 111 502"
"SigmaTec Solutions (Pvt.) Ltd.","33-M First Floor International Market, Block K Model Town, Lahore, Punjab","(042) 35219104"
"Sky Host - Web Hosting Pakistan","Office # 22 - 2nd Floor, Zainab Tower, Link Road, Model Town, Lahore, Punjab 54000","(042) 35942212"
"STZ Engineers","Block M Block M Commercial Area Model Town, Lahore, Punjab","N.A"
"CyberSoft (Pvt.) Ltd.","1K Commercial Wings Arcade, Block K Model Town, Lahore, Punjab","0800 292 37"
"Octatec Technologies Inc.","Corporate Tower, 30-M Block Model Town Extension, Block M Commercial Area Model Town, Lahore, Punjab 54600","(042) 35218917"
"Akzo Nobel Pakistan Limited Factory","Plot 346, Block H, Model Town, Block R Model Town, Lahore, Punjab 54030","N.A"
"Skooter Technologies","Block M Model Town, Lahore, Punjab","(042) 36611008"
"Softwist","R Block Model Town, M Block Model Town Extension, Block M Commercial Area Model Town, Lahore, Punjab 54000","0344 7891067"
"Geeks.pk","92 MB Zainab Tower Model Town Lahore, Phase 3 GECH Society, Lahore, Punjab 54000","(042) 35942421"
"Virsa Tech","31 S block Model Town, Block S Model Town, Lahore, Punjab","0331 4890468"
"Wood works Furniture","102 Model Town Circular Road, Block C Model Town, Lahore, Punjab","N.A"
"DreamsTech Solutions(Pvt) Ltd","DreamsTech Solutions office no.1 3rd floor sadiq arcade, Model Town Link Rd, G.E.C.H.S. Phase 2 Model Town, Lahore, Punjab","0334 8826421"
"IKS Logics","1-A 28 M, Model Town Extension Block M Commercial Area, Block M Commercial Area Model Town, Lahore, Punjab","N.A"
"Combined Logistics International","87-A Kotha Pind Flats, Model Town, Punjab, Pakistan.. Block N Central Flats Model Town, Lahore, Punjab","(042) 32618605"
"TV2U Private Limited","Block K Model Town, Lahore, Punjab","N.A"
"Swift Bees Web Solutions","Flat No. 60 B, Block N Block N Central Flats Model Town, Lahore","0336 6446007"
"Plant Paradise Landscape Company","Haji Ikhlaq Ahmad Road, Model Town, Lahore, Punjab","0323 5268597"
"AllahDin Sons","520, Block M Model Town, Lahore, Punjab 54000","0320 8888101"
"Fallen Technologies","F-15, Moon Tower, 30 M, Model Town Extension Block M Commercial Area Model Town, Lahore, Punjab","(042) 38913519"
"MI Dynamics","Block K Model Town, Lahore, Punjab","N.A"
"NoveltySoft","70 R Block, Model Town Extension Block R Model Town, Lahore, Punjab","0333 4504674"
"BIT LINKS TECH","Zainab Tower, M 48-A, Model Town Link Rd, Model Town, Lahore, Punjab","0323 5257679"
"Cloudplex Inc.","248 G2 Link Dhobi Ghat Rd, Block G Model Town, Lahore, Punjab","N.A"
"Wixpa Digital Agency & Shopify","190, A Ln, Block P Model Town, Lahore, Punjab 54000","0312 9526536"
"EHR Consultants","39-H Model Town Circular Road, Block H Model Town, Lahore, Punjab","0335 2222876"
"Facile Technologies","Block Q Model Town, lhr.","0333 4184716"
"Ericsson Office","Block K Model Town, Lahore, Punjab","0332 4918384"
"Regexsoft","4th Floor, Flat # 11, 35-M Civic Center.. Block M Commercial Area Model Town, Lahore, Punjab","(042) 35218884"
"Zaavya","Unnamed Road, Model Town, Lahore, Punjab","N.A"
"PLASPET","128-H, Model Town, Lahore, 54000","0300 8499822"
"Knackzone (PVT) LTD.","103/2, Block G Model Town, Lahore, Punjab 54000","(042) 35917013"
"Geomatics and Engineering Services (Pvt) Ltd.","29-30 Bank Square Market, Model Town, Lahore, Punjab 54700","0321 9752111"
"Trodosoft","Zainab Tower, Head Office Address (Lahore): Office # 9, 2nd Floor, Model Town Link Rd, Bhatti Colony, Lahore, Punjab 54000","0334 9923828"
"SocialTechSol","Office # UM 116-117 Zainab Tower, Model Town Link Road Lahore, Phase 3 Bhatti Colony, Lahore, Punjab 54000","0323 4385210 / 03321443300"
"Mindblaze Technologies","160 P, Model Town, Lahore, Punjab","0323 4809281"
