Mship No,Company Name,Address,Name,Ph (Off),Email,Business Sector(s),Business Speciality,City,Directory
,Chaudhry Group Of Steel Indust,,,,,Chaudhry Group Of Steel Indust - Business Information in Online Web Directory,Steel Products,,UrduPoint Web
,Zain Industries,,,,,Zain Industries - Business Information in Online Web Directory,Steel Products,,UrduPoint Web
,Secco Pak (pvt) Ltd.,,,,,Secco Pak (pvt) Ltd. - Business Information in Online Web Directory,Steel Products,,UrduPoint Web
,Grill House,,,,,Grill House - Business Information in Online Web Directory,Steel Products,,UrduPoint Web
,German Trunk Store,,,,,German Trunk Store - Business Information in Online Web Directory,Steel Products,,UrduPoint Web
,"Khalid Butt, Farooq Butt",,,,,"Khalid Butt, Farooq Butt - Business Information in Online Web Directory",Steel Products,,UrduPoint Web
,Liaquat Steel Works,,,,,Liaquat Steel Works - Business Information in Online Web Directory,Steel Products,,UrduPoint Web
,Mulla Ebrahimji Karimbhoy Pvt Ltd,,,,,Mulla Ebrahimji Karimbhoy Pvt Ltd - Business Information in Online Web Directory,Steel Products,,UrduPoint Web
,Sufian Trading,,,,,Sufian Trading - Business Information in Online Web Directory,Steel Products,,UrduPoint Web
,Ravi Intertrade & Services (pv,,,,,Ravi Intertrade & Services (pv - Business Information in Online Web Directory,Steel Products,,UrduPoint Web
,City Steel Industries,,,,,City Steel Industries - Business Information in Online Web Directory,Steel Products,,UrduPoint Web
,F.f Trading Corporation,,,,,F.f Trading Corporation - Business Information in Online Web Directory,Steel Products,,UrduPoint Web
,Er70s-6 Welding Wire Rod Manufacturer In China,,,,,Er70s-6 Welding Wire Rod Manufacturer In China - Business Information in Online Web Directory,Steel Products,,UrduPoint Web
,Iro Steel,,,,,Iro Steel - Business Information in Online Web Directory,Steel Products,,UrduPoint Web
,"Werson Industrial Group Co.,li",,,,,"Werson Industrial Group Co.,li - Business Information in Online Web Directory",Steel Products,,UrduPoint Web
,"House Of Bolts - Bolts, Nuts And Bolts, Screw, Fasten | Hardware | Machine Screws | Steel Bolts",,,,,"House Of Bolts - Bolts, Nuts And Bolts, Screw, Fasten",Steel Products,,UrduPoint Web
,Sabina Pak Ltd.,,,,,Sabina Pak Ltd. - Business Information in Online Web Directory,Steel Products,,UrduPoint Web
,Zams Inter,,,,,Zams Inter - Business Information in Online Web Directory,Steel Products,,UrduPoint Web
,Ali Steel Works,,,,,Ali Steel Works - Business Information in Online Web Directory,Steel Products,,UrduPoint Web
,Malik Sultan Mahmood & Sons,,,,,Malik Sultan Mahmood & Sons - Business Information in Online Web Directory,Steel Products,,UrduPoint Web
